Group,Category
ability folks,ability
ability people,ability
able-bodied people,ability
all ability folks,ability
Alzheimer patients,ability
anorexic folks,ability
aphasic people,ability
aspbergers,ability
autistic children,ability
autistic folks,ability
autistic people,ability
Babies born with addiction,ability
Blind folks,ability
blind people,ability
blind women,ability
bullimacs/anorexics,ability
cancer patients,ability
cancer victims,ability
cochlear-implant-using people,ability
coma patients,ability
deaf and blind people,ability
deaf folks,ability
Deaf people,ability
depressed folks,ability
diabetics,ability
differently abled people,ability
dyslexic people,ability
Emo people,ability
fat folks,ability
folks with Alzheimer's,ability
folks with cancer,ability
Folks with canthal tilts,ability
folks with down syndrome,ability
folks with mental illness/disorder,ability
folks with physical illness/disorder,ability
folks with speech impediments,ability
glasses-wearing people,ability
handicapped people,ability
hard-of-hearing people,ability
hearing-impaired people,ability
introverted folks,ability
kids with cancer,ability
learning-ability people,ability
little people,ability
low-vision people,ability
mentally ability folks,ability
midget,ability
mute people,ability
neuroatypical people,ability
neurodivergent people,ability
neurodiverse people,ability
neurotypical people,ability
non-ability people,ability
non-neurotypical people,ability
orphans,ability
paralyzed people,ability
paraplegic people,ability
People with Parkinson,ability
people addicted to drugs,ability
People who die by suicide,ability
people with anorexia,ability
people with autism,ability
people with dwarfism,ability
people with leprosy,ability
People with Low testesterone,ability
people with OCD,ability
physically ability folks,ability
quadriplegic people,ability
Self-harming people,ability
Sick people,ability
speech impediment,ability
speech-impaired people,ability
Suicidal people,ability
terminally ill children,ability
vision-impaired people,ability
wheelchair-bound people,ability
wheelchair-user people,ability
ability people,ability
20-year-old people,age
25-year-old people,age
30-year-old people,age
35-year-old people,age
40-year-old people,age
45-year-old people,age
50-year-old people,age
55-year-old people,age
60-year-old people,age
65-year-old people,age
70-year-old people,age
75-year-old people,age
80-year-old people,age
85-year-old people,age
90-year-old people,age
95-year-old people,age
adolescent people,age
adult people,age
babies,age
centenarian people,age
children,age
eighty-five-year-old people,age
eighty-something people,age
eighty-year-old people,age
elderly people,age
fifty-five-year-old people,age
fifty-something people,age
fifty-year-old people,age
forty-five-year-old people,age
forty-something people,age
forty-year-old people,age
middle-aged people,age
Millenials/Generation Z,age
Millennials,age
ninety-five-year-old people,age
ninety-something people,age
ninety-year-old people,age
nonagenarian people,age
octogenarian people,age
old ladies,age
old people,age
older people,age
retired people,age
senior people,age
senior-citizen people,age
seventy-five-year-old people,age
seventy-something people,age
seventy-year-old people,age
sixty-five-year-old people,age
sixty-something people,age
sixty-year-old people,age
spry people,age
teen people,age
teenage people,age
thirty-five-year-old people,age
thirty-something people,age
thirty-year-old people,age
toddlers,age
twenty-five-year-old people,age
twenty-something people,age
twenty-year-old people,age
Young boys,age
young children,age
young folks,age
young girls,age
young kids,age
young people,age
young-at-heart people,age
younger genereration,age
younger people,age
acne-covered people,body
acne-ridden people,body
adorable people,body
amber-eyed people,body
anorexic folks,body
anorexics,body
Attractive folks,body
attractive people,body
average-height people,body
bald folks,body
bald people,body
bald-headed people,body
balding people,body
barrel-chested people,body
bearded people,body
beautiful people,body
beefy people,body
big people,body
big-boned people,body
bigger people,body
black-haired people,body
blond people,body
blonde folks,body
blonde people,body
blonde women,body
blondes,body
blue-eyed people,body
bony people,body
brawny people,body
brown-eyed people,body
brown-haired people,body
brown-skinned people,body
brunette people,body
bulky people,body
burly people,body
child,body
chubby people,body
chunky people,body
clean-shaven people,body
coily-haired people,body
conjoined twins,body
curly-haired people,body
curvy people,body
cute people,body
dark-haired people,body
dark-skinned people,body
deaf folks,body
dirty-blonde people,body
dreadlocked people,body
fat people,body
fit people,body
four-eyed people,body
fraternity members,body
frizzy-haired people,body
full-figured people,body
gangly people,body
Gemini,body
giant people,body
gigantic people,body
ginger folks,body
ginger people,body
glasses-wearing people,body
goateed people,body
Good looking folks,body
good-looking people,body
gorgeous people,body
gray-eyed people,body
gray-haired people,body
graying people,body
green-eyed people,body
grey-eyed people,body
grungy people,body
hairy people,body
handsome people,body
hazel-eyed people,body
heavy people,body
heavyset people,body
heavy-set people,body
heftier people,body
hefty people,body
hideous people,body
high school students,body
homely people,body
hot people,body
huge people,body
hunky people,body
infant,body
in-shape people,body
kids,body
kinky-haired people,body
lanky people,body
large people,body
larger people,body
large-stature people,body
light-haired people,body
light-skinned people,body
little people,body
littler people,body
long-haired people,body
medium-height people,body
medium-stature people,body
men with small penises,body
middle aged men,body
mildly overweight people,body
miniature people,body
minor girls,body
minors,body
morbidly obese people,body
muscular people,body
mustachioed people,body
nonmasculine men,body
obese people,body
olive-skinned people,body
orphans,body
out-of-shape people,body
overweight people,body
overweight/fat folks,body
pedophiles,body
petite people,body
physically fit people,body
plain-looking people,body
plump people,body
plus-sized people,body
ponytailed people,body
potbellied people,body
pregnant folks,body
pregnant teenagers,body
pretty people,body
red-haired people,body
redhead people,body
redheaded people,body
ripped people,body
rotund people,body
school kids,body
scrawny people,body
scrubby people,body
scruffy people,body
seniors,body
sexual women,body
sexy people,body
shaggy people,body
short people,body
shorter people,body
short-haired people,body
shorts folks,body
skinny folks,body
skinny men,body
skinny people,body
slender people,body
slightly overweight people,body
slim people,body
small people,body
smaller people,body
small-stature people,body
smelly people,body
spiky-haired people,body
stinky people,body
stocky people,body
straight-haired people,body
strong people,body
svelte people,body
swole people,body
tall people,body
taller people,body
teen moms,body
teenage girls,body
thin people,body
tiny people,body
toned people,body
ugly folks,body
ugly people,body
unattractive people,body
uncles,body
underweight people,body
unshaved people,body
unwed non parents,body
vertically challenged people,body
very short people,body
very tall people,body
virgins,body
visually impaired people,body
well-built people,body
well-groomed people,body
white-haired people,body
women with small breasts,body
dwarves,body
addict people,characteristics
adopted people,characteristics
affianced people,characteristics
alcohol-abusing people,characteristics
alcoholic people,characteristics
ambidextrous people,characteristics
American-born people,characteristics
asylum-seeking people,characteristics
athletic people,characteristics
available people,characteristics
blue-collar people,characteristics
casual worker,characteristics
childfree people,characteristics
childless people,characteristics
divorced people,characteristics
drug-abusing people,characteristics
drug-addict people,characteristics
drug-addicted people,characteristics
druggie people,characteristics
employed people,characteristics
engaged people,characteristics
foreign people,characteristics
foreign-born people,characteristics
gig worker,characteristics
homeless people,characteristics
homemaker people,characteristics
houseless people,characteristics
immigrant people,characteristics
independently wealthy people,characteristics
junkie people,characteristics
laid-off people,characteristics
left-handed people,characteristics
married people,characteristics
native people,characteristics
native-born people,characteristics
naturalized people,characteristics
nomadic people,characteristics
nonnative people,characteristics
non-native people,characteristics
orphans,characteristics
Parents,characteristics
partnered people,characteristics
part-timer,characteristics
pregnant people,characteristics
professional people,characteristics
refugees,characteristics
right-handed people,characteristics
separated people,characteristics
single people,characteristics
unathletic people,characteristics
unattached people,characteristics
underemployed people,characteristics
undocumented people,characteristics
unemployed people,characteristics
unhoused people,characteristics
unmarried people,characteristics
US-born people,characteristics
Vegetarians,characteristics
white-collar,characteristics
widowed people,characteristics
dog owners,characteristics
pedophiles,characteristics
smokers,characteristics
alcoholics,characteristics
aboriginal,culture
aboriginal folks,culture
All religious folks,culture
Atheists,culture
Baby Boomers,culture
bangladesh teens,culture
Buddhists,culture
Cathlolics,culture
catholic folks,culture
Catholic priests,culture
Children of Immigrants,culture
christian folks,culture
communists,culture
confederates,culture
cosmopolitan people,culture
country people,culture
feminists,culture
foreign language speakers,culture
Foreigners,culture
hillbilly people,culture
hindu folks,culture
hippie people,culture
hippy people,culture
hipster people,culture
illegal immigrants,culture
immigrants,culture
incel people,culture
Isis,culture
Islamic folks,culture
Islamic people,culture
Islamics,culture
Islamists,culture
Jehovah's Witnesses,culture
Mormon folks,culture
Mormons,culture
muslim folks,culture
muslim kids,culture
muslims,culture
NIMBY people,culture
Pagan,culture
pagan folks,culture
privileged people,culture
redneck people,culture
rednecks,culture
rednecks/South region in the US,culture
refugees,culture
religious people,culture
religious people in general,culture
rural Americans,culture
rural people,culture
scientologists,culture
shia,culture
Someone considered exotic,culture
underprivileged people,culture
yuppie people,culture
non-christians,culture
"""urban minorities""",culture
Folks that do not speak English,culture
Globalists,culture
Republicans,culture
AFAB people,gender
african women,gender
agender people,gender
all feminists,gender
all gay people,gender
all lgtb folks,gender
AMAB people,gender
androgyne people,gender
androgynous people,gender
anyone who is gay,gender
aromantic people,gender
asexual people,gender
asexuals,gender
Asian women,gender
bi people,gender
bigender people,gender
bisexual folks,gender
bisexual men,gender
bisexual people,gender
bisexual women,gender
black jew,gender
black women,gender
blonde girl,gender
blonde women,gender
boys,gender
butch people,gender
cis gendered,gender
cisgender people,gender
demisexual people,gender
effeminate people,gender
enby people,gender
endosex people,gender
F2M people,gender
female people,gender
feminine men,gender
feminine people,gender
feminist women,gender
feminists,gender
femme people,gender
FTM people,gender
gay men,gender
gay people,gender
gay/lesbians,gender
gays,gender
gender fluid folks,gender
gender neutral,gender
gender neutral people,gender
gender non-conforming people,gender
gender-conforming people,gender
genderfluid people,gender
genderless people,gender
genderqueer,gender
genderqueer people,gender
gentlemen,gender
girls,gender
hermaphrodite people,gender
hetero people,gender
heterosexual people,gender
heterosexuals,gender
Homosexual men,gender
homosexual people,gender
homosexuals,gender
Incel men,gender
Incels,gender
Indian Women,gender
intersex people,gender
Involuntarily Celibate persons,gender
japanese women,gender
lesbian people,gender
lgbt,gender
LGBT Community,gender
LGBT youth,gender
lgbtq+ folks,gender
little girls,gender
M2F people,gender
male people,gender
manly people,gender
masculine people,gender
men,gender
muslim women,gender
neutrois people,gender
nonbinary folks,gender
pansexual people,gender
polyamorous people,gender
queer people,gender
schoolboy,gender
schoolgirl,gender
single mothers,gender
straight people,gender
syrian women,gender
thai women,gender
third gender people,gender
trans female people,gender
trans folk,gender
trans folks,gender
trans male people,gender
trans men,gender
trans people,gender
trans women,gender
transgender people,gender
transsexual people,gender
Virgins,gender
white women,gender
womanly people,gender
women,gender
young boys,gender
young men,gender
blue-collar people,profession
police,profession
priests,profession
priests/nuns,profession
white-collar people,profession
assistant,profession
bartender,profession
butcher,profession
chemist,profession
chess player,profession
civil servant,profession
commander,profession
delivery man,profession
engineer,profession
entrepreneur,profession
football player,profession
guitarist,profession
historian,profession
manager,profession
mathematician,profession
mover,profession
musician,profession
nurse,profession
performing artist,profession
physicist,profession
plumber,profession
policeman,profession
politician,profession
prisoner,profession
producer,profession
prosecutor,profession
psychologist,profession
researcher,profession
sex workers,profession
software developer,profession
tailor,profession
prostitutes,profession
cops,profession
IRS employees,profession
journalists,profession
judges,profession
lawyers,profession
military people,profession
politicians,profession
porn actors,profession
porn stars,profession
taxi drivers,profession
trailer trash people,profession
Afghan folks,race
Afghan people,race
African,race
African children,race
african dads,race
African folks,race
African kids,race
African migrants,race
african people,race
African refugees,race
Africans,race
Alabama folks,race
alabama people,race
Alabamians,race
albanians,race
all groups targeted by nazis,race
all middle east,race
American folks,race
American Southerners,race
Americans,race
Arabians,race
arabic folks,race
armenian,race
asian folks,race
Asian people,race
Asians,race
belgian folks,race
belgians,race
black africans,race
bougie people,race
Brazilian folks,race
Brazilians,race
British,race
brown women,race
Bulgarians,race
canadian folks,race
canadians,race
Chinese,race
Chinese folks,race
Chinese people,race
dominican women,race
dominicans,race
Eastern Europeans,race
egyptian,race
egyptian folks,race
Ethiopian folks,race
Ethiopian people,race
Europeans,race
everybody not in the US (foreigners),race
Filipinas,race
Floridians,race
French people,race
french canadian folks,race
French folks,race
french women,race
German folks,race
Germans,race
goth people,race
Greeks,race
Gypsies,race
Gypsies/ Romani,race
Haitians,race
Hebrew,race
Hispanic folks,race
Indian folks,race
Indian people,race
Indian women,race
Indians,race
iranian folks,race
Irish folks,race
Irish people,race
Irishmen,race
Israeli folks,race
Israelis,race
italian folks,race
Italian people,race
Italians,race
Jamacian,race
jamaican folks,race
Jamaicans,race
Japanese,race
Japanese folks,race
Japanese people,race
jewish folks,race
Kenyans,race
korean folks,race
Korean people,race
Kurdish people,race
Kurds,race
Lebanese people,race
Libyan folks,race
malaysian folks,race
Malaysian People,race
maori,race
Mexican folks,race
Mexican people,race
Mexicans,race
Middle eastern folks,race
Middle easterns,race
minorities,race
Mongolian,race
Native Americans,race
New Yorkers,race
Nigerian folks,race
Nigerian people,race
Nigerians,race
non-Americans,race
non-Europeans,race
Nordics,race
North Koreans,race
pakis,race
Pakistan/Indian people,race
Pakistani folks,race
pakistani people,race
Pakistanis,race
palestinian folks,race
Palestinians,race
People from India,race
people from indiana,race
people from rwanda,race
people from the delta,race
people from the middle east,race
people who live in Indiana,race
people who live in West Virginia,race
People from Poland,race
Polish folks,race
Polish people,race
Portuguese folks,race
puerto rican folks,race
puerto ricans,race
roma people,race
romani folks,race
russian folks,race
russian people,race
russians,race
Samoan,race
saudi arabian folks,race
saudi arabian people,race
Saudi Arabians,race
Saudis,race
Scottish,race
slavic people,race
Somali folks,race
somalian children,race
somalians,race
South african men,race
south africans,race
southern folks,race
Southern people,race
southern people in america,race
southerners,race
southerners from the United States,race
southerners/ rednecks,race
Spanish,race
Sudanese,race
Sudanese folks,race
swedish folks,race
Swedish People,race
syrian,race
syrian and russian folks,race
syrian folks,race
Syrian people,race
Syrian rebels,race
Syrian refugees,race
syrians,race
Syrians/Russians,race
taliban,race
Tamil folks,race
texans,race
thai folks,race
thai people,race
Turkish folks,race
turkish people,race
UK people,race
Ukrainians,race
Venezuelans,race
vietnamese folks,race
Virginia people,race
virginians,race
welsh folks,race
Welsh people,race
Western people,race
any black person,race
AAPI people,race
aboriginal folks,race
Aboriginal people,race
aboriginals,race
Afghani people,race
afghans,race
african folks,race
African people,race
African-American people,race
Alaska Native people,race
All colored races,race
all dark skinned peoples,race
all minorities,race
All minorities and non whites,race
All minorities and women,race
all non white races,race
All non whites,race
all racial minorities,race
American Indian people,race
american non-whites,race
American people,race
American-Born Chinese people,race
any folks with brown skin,race
Any non white person,race
Any non white race,race
any racial/ethnic minority in America,race
anyone not white,race
arab folks,race
Arabic people,race
arabs,race
Armenians,race
Asian-American people,race
Bangladesh,race
basically all non-white women,race
BIPOC people,race
biracial,race
biracial people,race
black folks,race
black illegals,race
Black people,race
black women,race
Brazillian folks,race
brown folks,race
brown/asian people,race
Cambodian folks,race
cambodians,race
Caucasian people,race
Caucasians,race
Chinese-American people,race
Christians and groups victimized by Hitler,race
Colombians,race
Columbian,race
Cuban people,race
Cuban-American people,race
dark skinned women,race
Desi people,race
Dominican people,race
Dominican-American people,race
East Asian people,race
eastern/indian people,race
eskimos,race
ethiopens,race
Ethopians,race
European people,race
European-American people,race
Filipina people,race
Filipina-American people,race
Filipino people,race
Filipino-American people,race
french,race
German people/Jewish people,race
Ghanaian,race
greek folks,race
Guatemalan people,race
Guatemalan-American people,race
Hispanic,race
Hispanic people,race
hispanics,race
immigrants,race
Indian/Pakistani people,race
Indian-American people,race
indigenous folks,race
indigenous people,race
Indigenous people,race
interracial couples,race
Interracial people,race
Iranian,race
Irish foks,race
isis members,race
islamic folks,race
Israel folks,race
israelites,race
italian,race
Jamaican,race
Jewish,race
Jewish folks,race
Jewish People,race
jews,race
Korean-American people,race
koreans,race
ku klux klan,race
Latin American people,race
Latino people,race
Lebanese folks,race
light skinned black folks,race
Malay folks,race
Maori folk,race
Members of the Irish Repulbican Army and/or the IRA political group in Ireland.,race
Mexican-American people,race
middle eastern / arabic people,race
middle eastern people,race
minorities in general,race
minority folks,race
mixed race people,race
mixed races,race
mixed-race folks,race
Mulatto folks,race
muslim,race
muslim folks,race
Muslim Women,race
muslims,race
Native American people,race
native american/first nation folks,race
Native Australians,race
Native Hawaiian people,race
non whites,race
non-white people,race
non-whites,race
Norweigan,race
orientals,race
Pacific Islander people,race
pakistan folks,race
Pakistani people,race
palenstinians,race
palestinian,race
Palestinian woman,race
people from Abu Dhabi,race
People from North and South Korea,race
People of African descent,race
people of color,race
Persian people,race
poor whites,race
Puerto Rican folks,race
racial minorities,race
red haired people,race
rednecks,race
'rednecks',race
romanians,race
Salvadoran people,race
Salvadoran-American people,race
Salvadorans,race
Saudi Arabian,race
scottish men,race
Scottish people,race
slavs,race
somalian folks,race
somalis,race
Somolians,race
South Asian people,race
Southeast Asian people,race
southern white people,race
soviets,race
Straight white men,race
Sudanese refugees,race
syrian people,race
the handicapped,race
Turks,race
ukraine folks,race
Ukrainian folks,race
Veitnamese folks,race
Vietnamese people,race
Vietnamese-American people,race
white females,race
White folks,race
white girls,race
white guys,race
white men,race
White people,race
white poor people,race
white supremacists,race
white women,race
agnostic people,religion
Amish people,religion
atheist people,religion
Buddhist people,religion
Catholic people,religion
Cheondoist people,religion
Christian people,religion
Confucianist people,religion
Conservative Jewish people,religion
Druze people,religion
Evangelical people,religion
Hasidic people,religion
Hindu people,religion
irreligious people,religion
Jain people,religion
Jewish people,religion
Lutheran people,religion
Mormon people,religion
Muslim,religion
Muslim people,religion
Orthodox Jewish people,religion
Pagan people,religion
Protestant people,religion
Rasta people,religion
Rastafarian people,religion
Reform Jewish people,religion
religious people,religion
Satanist people,religion
secular people,religion
Shia people,religion
Shintoist people,religion
Sikh people,religion
spiritual people,religion
Spiritualist people,religion
Sunni people,religion
Taoist people,religion
Unitarian people,religion
Wiccan people,religion
Zoroastrian people,religion
"""rednecks""",social
adopted people,social
affluent people,social
alt right,social
alt-right,social
animal rights advocates,social
anti vaxxers,social
antifa people,social
Antifa supporters,social
antifascists,social
anti-vaxxer people,social
Anti-vaxxers,social
apolitical people,social
Black Lives Matter Group,social
black lives matters supporters,social
broke people,social
centrist people,social
child molesters,social
climate deniers,social
college-graduate people,social
communist people,social
Communists,social
conservative people,social
conservatives,social
Country music lovers,social
Democrat people,social
democratic-socialist people,social
democrats,social
emo kids,social
emo people,social
Farmers,social
fascists,social
Fathers,social
Femininists,social
financially well-off people,social
fiscally conservative people,social
Foster children,social
gamers,social
Globalists,social
gun control advocates,social
Gun enthusiasts,social
high-net-worth people,social
high-school-dropout people,social
hippies,social
hipsters,social
home school kids,social
homeless people,social
illegal immigrants,social
immigrants,social
independents/libertarians,social
ISIS,social
labour party folks,social
leftist people,social
Leftists,social
left-wing people,social
liberal people,social
liberals,social
libertarian people,social
low-income people,social
male feminists,social
marines,social
married folks,social
middle-class people,social
Minority groups,social
Minority students,social
moderate people,social
moneyed people,social
nationalist people,social
people who live in the ghetto,social
poor folks,social
poor people,social
Pro choice,social
pro-choice people,social
progressive people,social
pro-life advocates,social
pro-life people,social
radical people,social
rednecks,social
refugees,social
Republican people,social
republicans,social
rich folks,social
rich people,social
rightist people,social
right-wing people,social
rural people,social
rural/ country folks,social
shiv sena political party,social
slaves,social
Social Justice Warriors,social
socialist people,social
Socialists,social
socially liberal people,social
the homeless,social
trump supporters,social
Trump supporters,social
upper-class people,social
vaccine-hesitant people,social
vegan,social
vegans,social
veterans,social
Virgos,social
wealthy people,social
well off folks,social
well-off people,social
well-to-do people,social
working-class people,social
abuse survivors,victim
Boston Marathon victims,victim
rape victims,victim
911 victims,victim
aborted children,victim
abuse victims,victim
abused children,victim
accident victims,victim
AIDS victims,victim
assassination victims,victim
assault victims,victim
auto accident victims,victim
black victims of police shootings,victim
black victims of racial abuse,victim
Bombing victums,victim
Bullying victims,victim
cancer patients,victim
cancer surivors,victim
cancer victims,victim
car accident victims,victim
car crash victims,victim
chernobyl victims,victim
child abuse victims,victim
child brides,victim
child molestation victims,victim
child molestation victims; incest victims,victim
Child murder victims,victim
child rape victim,victim
child rape victims,victim
child sex victims,victim
child sexual abuse victims,victim
child sexual assault victims,victim
Childhood violence victims,victim
children who died young of diseases,victim
children who have been sexually assaulted,victim
climate disaster victims,victim
combat victims,victim
date rape victims,victim
dead babies,victim
disease victims,victim
domestic abuse victims,victim
domestic violence victims,victim
drugged victims,victim
dying children,victim
Ebola victims,victim
environmental victims,victim
Ethiopian victims of starvation,victim
families of suicide victims,victim
Families that have had loved ones commit suicide,victim
famine victims,victim
fire victims,victim
genital mutilation victims,victim
genocide victims,victim
harassment victims,victim
hate crime victims,victim
health related tragedy victims,victim
holocaust survivors,victim
holocaust victims,victim
homeless victim,victim
homicide victims,victim
human trafficking victims,victim
hunger victims,victim
incest victims,victim
Iraqi victims of war,victim
Jewish victims,victim
kidnap victim,victim
Kidnap/violence/murder victims,victim
kidnapping victims,victim
KKK victims,victim
mass accident victims,victim
mass shooting victims,victim
mass suicide victims,victim
Miscarriage survivors,victim
miscarriage victims,victim
molestation victims,victim
murder victim families,victim
murder victims,victim
mutilation victims,victim
natural disaster victims,victim
Necrophilia victims,victim
nuclear victims,victim
OD victims,victim
orphans,victim
Parents of stillborn infants,victim
parents who have experienced SIDS,victim
Pearl Harbor victims,victim
pedophilia victims,victim
people involved in police brutality,victim
people who have had abortions,victim
people who have had miscarriages,victim
people who self-harm/are suicidal,victim
people who's fathers have left them,victim
people who've had abortions,victim
plane crash victims,victim
police shooting vicitms,victim
Potential suicide victims,victim
rape and murder victims,victim
refugees,victim
Servitude victims,victim
sex abuse victims,victim
sex assault victims,victim
sex crime victims,victim
sex slaves,victim
sex trafficking victims,victim
Sex trafficking victims,victim
sexual abuse,victim
sexual assault survivors,victim
shooting victims,victim
shooting victims (not mass shooting),victim
slave victims,victim
slavery victims,victim
slaves,victim
Spousal abuse victims,victim
starvation victims,victim
Suicide attempt victims,victim
suicide victims,victim
Syrian civilians affected by war,victim
terrorism victims,victim
trafficking victims,victim
tragedy victims,victim
victims of 9/11,victim
victims of child sexual abuse,victim
victims of domestic violence,victim
victims of forced migration,victim
Victims of HIV,victim
victims of police shootings due to racial profiling,victim
victims of racial and homophobic attacks,victim
victims of rape and murder,victim
violent accidental death victims,victim
Violent crime victims,victim
war crime victims,victim
war vets,victim
war victims,victim
Waterboarding victims,victim
women who have had abortions,victim
women who have had miscarriages,victim
WW2 bombing victims,victim
WWII Nuclear bombing victims,victim
WWII victims,victim
